{"cameraMode":{"drawMode":0,"name":"Shaded","section":"Shading Mode"},"sceneLighting":false,"audioPlay":false,"sceneViewState":{"showFog":true,"showMaterialUpdate":false,"showSkybox":false,"showFlares":true,"showImageEffects":true,"showParticleSystems":true},"in2DMode":false,"pivot":{"x":13.979999542236329,"y":0.0,"z":-0.31999993324279787},"rotation":{"x":0.44766706228256228,"y":-0.02950434572994709,"z":0.014788372442126274,"w":0.8936536908149719},"size":9.333810806274414,"orthographic":true}