{"cameraMode":{"drawMode":0,"name":"Shaded","section":"Shading Mode"},"sceneLighting":false,"audioPlay":false,"sceneViewState":{"showFog":true,"showMaterialUpdate":false,"showSkybox":false,"showFlares":true,"showImageEffects":true,"showParticleSystems":true},"in2DMode":false,"pivot":{"x":-38.197574615478519,"y":-10.0,"z":19.314014434814454},"rotation":{"x":0.2257348895072937,"y":0.10065916180610657,"z":-0.02326756715774536,"w":0.9688109159469605},"size":112.52641296386719,"orthographic":true}