{"cameraMode":{"drawMode":0,"name":"Shaded","section":"Shading Mode"},"sceneLighting":true,"audioPlay":false,"sceneViewState":{"showFog":true,"showMaterialUpdate":false,"showSkybox":true,"showFlares":true,"showImageEffects":true,"showParticleSystems":true},"in2DMode":false,"pivot":{"x":-0.06676530838012696,"y":0.0,"z":-0.690000057220459},"rotation":{"x":0.688861608505249,"y":-0.0021780612878501417,"z":0.002063876949250698,"w":0.7249224781990051},"size":94.11866760253906,"orthographic":true}