{"cameraMode":{"drawMode":0,"name":"Shaded","section":"Shading Mode"},"sceneLighting":true,"audioPlay":false,"sceneViewState":{"showFog":true,"showMaterialUpdate":false,"showSkybox":true,"showFlares":true,"showImageEffects":true,"showParticleSystems":true},"in2DMode":false,"pivot":{"x":25.547569274902345,"y":3.5924072265625,"z":-2.6870737075805666},"rotation":{"x":-0.10874849557876587,"y":-0.6544346809387207,"z":0.09589418768882752,"w":-0.7421033382415772},"size":87.5597915649414,"orthographic":false}